facility_code,unit_code,interval_start,energy,network_id
NYNGAN,NYNGAN1,2025-10-16T17:00:00+10:00,19.1251,NEM
NYNGAN,NYNGAN1,2025-10-16T18:00:00+10:00,3.2916,NEM
NYNGAN,NYNGAN1,2025-10-16T19:00:00+10:00,3.1248,NEM
NYNGAN,NYNGAN1,2025-10-16T20:00:00+10:00,2.8644,NEM
NYNGAN,NYNGAN1,2025-10-16T21:00:00+10:00,0.0,NEM
NYNGAN,NYNGAN1,2025-10-16T22:00:00+10:00,0.0,NEM
NYNGAN,NYNGAN1,2025-10-16T23:00:00+10:00,0.0,NEM
NYNGAN,NYNGAN1,2025-10-17T00:00:00+10:00,0.0,NEM
NYNGAN,NYNGAN1,2025-10-17T01:00:00+10:00,0.0,NEM
NYNGAN,NYNGAN1,2025-10-17T02:00:00+10:00,0.0,NEM
NYNGAN,NYNGAN1,2025-10-17T03:00:00+10:00,0.0,NEM
NYNGAN,NYNGAN1,2025-10-17T04:00:00+10:00,0.0,NEM
NYNGAN,NYNGAN1,2025-10-17T05:00:00+10:00,0.0,NEM
NYNGAN,NYNGAN1,2025-10-17T06:00:00+10:00,2.3334,NEM
NYNGAN,NYNGAN1,2025-10-17T07:00:00+10:00,15.4585,NEM
NYNGAN,NYNGAN1,2025-10-17T08:00:00+10:00,46.1981,NEM
NYNGAN,NYNGAN1,2025-10-17T09:00:00+10:00,74.4896,NEM
NYNGAN,NYNGAN1,2025-10-17T10:00:00+10:00,71.9688,NEM
NYNGAN,NYNGAN1,2025-10-17T11:00:00+10:00,77.6356,NEM
NYNGAN,NYNGAN1,2025-10-17T12:00:00+10:00,69.2292,NEM
NYNGAN,NYNGAN1,2025-10-17T13:00:00+10:00,83.2293,NEM
NYNGAN,NYNGAN1,2025-10-17T14:00:00+10:00,56.4479,NEM
NYNGAN,NYNGAN1,2025-10-17T15:00:00+10:00,52.6253,NEM
NYNGAN,NYNGAN1,2025-10-17T16:00:00+10:00,47.7293,NEM
NYNGAN,NYNGAN1,2025-10-17T17:00:00+10:00,35.3127,NEM
NYNGAN,NYNGAN1,2025-10-17T18:00:00+10:00,2.0317,NEM
NYNGAN,NYNGAN1,2025-10-17T19:00:00+10:00,1.8756,NEM
NYNGAN,NYNGAN1,2025-10-17T20:00:00+10:00,1.7193,NEM
NYNGAN,NYNGAN1,2025-10-17T21:00:00+10:00,0.0,NEM
NYNGAN,NYNGAN1,2025-10-17T22:00:00+10:00,0.0,NEM
NYNGAN,NYNGAN1,2025-10-17T23:00:00+10:00,0.0,NEM
NYNGAN,NYNGAN1,2025-10-18T00:00:00+10:00,0.0,NEM
NYNGAN,NYNGAN1,2025-10-18T01:00:00+10:00,0.0,NEM
NYNGAN,NYNGAN1,2025-10-18T02:00:00+10:00,0.0,NEM
NYNGAN,NYNGAN1,2025-10-18T03:00:00+10:00,0.0,NEM
NYNGAN,NYNGAN1,2025-10-18T04:00:00+10:00,0.0,NEM
NYNGAN,NYNGAN1,2025-10-18T05:00:00+10:00,0.0,NEM
NYNGAN,NYNGAN1,2025-10-18T06:00:00+10:00,1.2605,NEM
NYNGAN,NYNGAN1,2025-10-18T07:00:00+10:00,5.8647,NEM
NYNGAN,NYNGAN1,2025-10-18T08:00:00+10:00,16.3334,NEM
NYNGAN,NYNGAN1,2025-10-18T09:00:00+10:00,21.177,NEM
NYNGAN,NYNGAN1,2025-10-18T10:00:00+10:00,14.9478,NEM
NYNGAN,NYNGAN1,2025-10-18T11:00:00+10:00,7.0832,NEM
NYNGAN,NYNGAN1,2025-10-18T12:00:00+10:00,0.0,NEM
NYNGAN,NYNGAN1,2025-10-18T13:00:00+10:00,0.0,NEM
NYNGAN,NYNGAN1,2025-10-18T14:00:00+10:00,1.2604,NEM
NYNGAN,NYNGAN1,2025-10-18T15:00:00+10:00,4.8542,NEM
NYNGAN,NYNGAN1,2025-10-18T16:00:00+10:00,7.7605,NEM
NYNGAN,NYNGAN1,2025-10-18T17:00:00+10:00,2.302,NEM
NYNGAN,NYNGAN1,2025-10-18T18:00:00+10:00,0.542,NEM
NYNGAN,NYNGAN1,2025-10-18T19:00:00+10:00,0.5004,NEM
NYNGAN,NYNGAN1,2025-10-18T20:00:00+10:00,0.4587,NEM
NYNGAN,NYNGAN1,2025-10-18T21:00:00+10:00,0.0,NEM
NYNGAN,NYNGAN1,2025-10-18T22:00:00+10:00,0.0,NEM
NYNGAN,NYNGAN1,2025-10-18T23:00:00+10:00,0.0,NEM
NYNGAN,NYNGAN1,2025-10-19T00:00:00+10:00,0.0,NEM
NYNGAN,NYNGAN1,2025-10-19T01:00:00+10:00,0.0,NEM
NYNGAN,NYNGAN1,2025-10-19T02:00:00+10:00,0.0,NEM
NYNGAN,NYNGAN1,2025-10-19T03:00:00+10:00,0.0,NEM
NYNGAN,NYNGAN1,2025-10-19T04:00:00+10:00,0.0,NEM
NYNGAN,NYNGAN1,2025-10-19T05:00:00+10:00,0.0,NEM
NYNGAN,NYNGAN1,2025-10-19T06:00:00+10:00,1.4793,NEM
NYNGAN,NYNGAN1,2025-10-19T07:00:00+10:00,0.6979,NEM
NYNGAN,NYNGAN1,2025-10-19T08:00:00+10:00,0.0,NEM
NYNGAN,NYNGAN1,2025-10-19T09:00:00+10:00,0.0,NEM
NYNGAN,NYNGAN1,2025-10-19T10:00:00+10:00,0.0,NEM
NYNGAN,NYNGAN1,2025-10-19T11:00:00+10:00,0.0,NEM
NYNGAN,NYNGAN1,2025-10-19T12:00:00+10:00,0.0,NEM
NYNGAN,NYNGAN1,2025-10-19T13:00:00+10:00,0.0,NEM
NYNGAN,NYNGAN1,2025-10-19T14:00:00+10:00,0.0,NEM
NYNGAN,NYNGAN1,2025-10-19T15:00:00+10:00,3.6772,NEM
NYNGAN,NYNGAN1,2025-10-19T16:00:00+10:00,7.073,NEM
NYNGAN,NYNGAN1,2025-10-19T17:00:00+10:00,2.0104,NEM
NYNGAN,NYNGAN1,2025-10-19T18:00:00+10:00,0.542,NEM
NYNGAN,NYNGAN1,2025-10-19T19:00:00+10:00,0.5004,NEM
NYNGAN,NYNGAN1,2025-10-19T20:00:00+10:00,0.4587,NEM
NYNGAN,NYNGAN1,2025-10-19T21:00:00+10:00,0.0,NEM
NYNGAN,NYNGAN1,2025-10-19T22:00:00+10:00,0.0,NEM
NYNGAN,NYNGAN1,2025-10-19T23:00:00+10:00,0.0,NEM
NYNGAN,NYNGAN1,2025-10-20T00:00:00+10:00,0.0,NEM
NYNGAN,NYNGAN1,2025-10-20T01:00:00+10:00,0.0,NEM
NYNGAN,NYNGAN1,2025-10-20T02:00:00+10:00,0.0,NEM
NYNGAN,NYNGAN1,2025-10-20T03:00:00+10:00,0.0,NEM
NYNGAN,NYNGAN1,2025-10-20T04:00:00+10:00,0.0,NEM
NYNGAN,NYNGAN1,2025-10-20T05:00:00+10:00,0.0,NEM
NYNGAN,NYNGAN1,2025-10-20T06:00:00+10:00,1.3334,NEM
NYNGAN,NYNGAN1,2025-10-20T07:00:00+10:00,6.0731,NEM
NYNGAN,NYNGAN1,2025-10-20T08:00:00+10:00,16.5,NEM
NYNGAN,NYNGAN1,2025-10-20T09:00:00+10:00,27.7085,NEM
NYNGAN,NYNGAN1,2025-10-20T10:00:00+10:00,30.2294,NEM
NYNGAN,NYNGAN1,2025-10-20T11:00:00+10:00,33.3857,NEM
NYNGAN,NYNGAN1,2025-10-20T12:00:00+10:00,37.8649,NEM
NYNGAN,NYNGAN1,2025-10-20T13:00:00+10:00,37.1042,NEM
NYNGAN,NYNGAN1,2025-10-20T14:00:00+10:00,33.4793,NEM
NYNGAN,NYNGAN1,2025-10-20T15:00:00+10:00,26.1355,NEM
NYNGAN,NYNGAN1,2025-10-20T16:00:00+10:00,19.5627,NEM
NYNGAN,NYNGAN1,2025-10-20T17:00:00+10:00,14.2188,NEM
NYNGAN,NYNGAN1,2025-10-20T18:00:00+10:00,0.6772,NEM
NYNGAN,NYNGAN1,2025-10-20T19:00:00+10:00,0.6252,NEM
NYNGAN,NYNGAN1,2025-10-20T20:00:00+10:00,0.5731,NEM
NYNGAN,NYNGAN1,2025-10-20T21:00:00+10:00,0.0,NEM
NYNGAN,NYNGAN1,2025-10-20T22:00:00+10:00,0.0,NEM
NYNGAN,NYNGAN1,2025-10-20T23:00:00+10:00,0.0,NEM
NYNGAN,NYNGAN1,2025-10-21T00:00:00+10:00,0.0,NEM
NYNGAN,NYNGAN1,2025-10-21T01:00:00+10:00,0.0,NEM
NYNGAN,NYNGAN1,2025-10-21T02:00:00+10:00,0.0,NEM
NYNGAN,NYNGAN1,2025-10-21T03:00:00+10:00,0.0,NEM
NYNGAN,NYNGAN1,2025-10-21T04:00:00+10:00,0.0,NEM
NYNGAN,NYNGAN1,2025-10-21T05:00:00+10:00,0.0,NEM
NYNGAN,NYNGAN1,2025-10-21T06:00:00+10:00,1.4585,NEM
NYNGAN,NYNGAN1,2025-10-21T07:00:00+10:00,6.1355,NEM
NYNGAN,NYNGAN1,2025-10-21T08:00:00+10:00,16.5521,NEM
NYNGAN,NYNGAN1,2025-10-21T09:00:00+10:00,27.6564,NEM
NYNGAN,NYNGAN1,2025-10-21T10:00:00+10:00,30.1252,NEM
NYNGAN,NYNGAN1,2025-10-21T11:00:00+10:00,33.1666,NEM
NYNGAN,NYNGAN1,2025-10-21T12:00:00+10:00,35.49,NEM
NYNGAN,NYNGAN1,2025-10-21T13:00:00+10:00,35.3543,NEM
NYNGAN,NYNGAN1,2025-10-21T14:00:00+10:00,32.9062,NEM
NYNGAN,NYNGAN1,2025-10-21T15:00:00+10:00,25.021,NEM
NYNGAN,NYNGAN1,2025-10-21T16:00:00+10:00,19.375,NEM
NYNGAN,NYNGAN1,2025-10-21T17:00:00+10:00,13.2084,NEM
NYNGAN,NYNGAN1,2025-10-21T18:00:00+10:00,0.4588,NEM
NYNGAN,NYNGAN1,2025-10-21T19:00:00+10:00,0.3756,NEM
NYNGAN,NYNGAN1,2025-10-21T20:00:00+10:00,0.3443,NEM
NYNGAN,NYNGAN1,2025-10-21T21:00:00+10:00,0.0,NEM
NYNGAN,NYNGAN1,2025-10-21T22:00:00+10:00,0.0,NEM
NYNGAN,NYNGAN1,2025-10-21T23:00:00+10:00,0.0,NEM
NYNGAN,NYNGAN1,2025-10-22T00:00:00+10:00,0.0,NEM
NYNGAN,NYNGAN1,2025-10-22T01:00:00+10:00,0.0,NEM
NYNGAN,NYNGAN1,2025-10-22T02:00:00+10:00,0.0,NEM
NYNGAN,NYNGAN1,2025-10-22T03:00:00+10:00,0.0,NEM
NYNGAN,NYNGAN1,2025-10-22T04:00:00+10:00,0.0,NEM
NYNGAN,NYNGAN1,2025-10-22T05:00:00+10:00,0.0,NEM
NYNGAN,NYNGAN1,2025-10-22T06:00:00+10:00,1.3126,NEM
NYNGAN,NYNGAN1,2025-10-22T07:00:00+10:00,1.5417,NEM
NYNGAN,NYNGAN1,2025-10-22T08:00:00+10:00,7.5938,NEM
NYNGAN,NYNGAN1,2025-10-22T09:00:00+10:00,18.7083,NEM
NYNGAN,NYNGAN1,2025-10-22T10:00:00+10:00,17.5521,NEM
NYNGAN,NYNGAN1,2025-10-22T11:00:00+10:00,18.3646,NEM
NYNGAN,NYNGAN1,2025-10-22T12:00:00+10:00,5.7395,NEM
NYNGAN,NYNGAN1,2025-10-22T13:00:00+10:00,1.8753,NEM
NYNGAN,NYNGAN1,2025-10-22T14:00:00+10:00,1.8334,NEM
NYNGAN,NYNGAN1,2025-10-22T15:00:00+10:00,3.4897,NEM
NYNGAN,NYNGAN1,2025-10-22T16:00:00+10:00,8.6042,NEM
NYNGAN,NYNGAN1,2025-10-22T17:00:00+10:00,3.4586,NEM
NYNGAN,NYNGAN1,2025-10-22T18:00:00+10:00,1.073,NEM
NYNGAN,NYNGAN1,2025-10-22T19:00:00+10:00,0.0,NEM
NYNGAN,NYNGAN1,2025-10-22T20:00:00+10:00,0.0,NEM
NYNGAN,NYNGAN1,2025-10-22T21:00:00+10:00,0.0,NEM
NYNGAN,NYNGAN1,2025-10-22T22:00:00+10:00,0.0,NEM
NYNGAN,NYNGAN1,2025-10-22T23:00:00+10:00,0.0,NEM
NYNGAN,NYNGAN1,2025-10-23T00:00:00+10:00,0.0,NEM
NYNGAN,NYNGAN1,2025-10-23T01:00:00+10:00,0.0,NEM
NYNGAN,NYNGAN1,2025-10-23T02:00:00+10:00,0.0,NEM
NYNGAN,NYNGAN1,2025-10-23T03:00:00+10:00,0.0,NEM
NYNGAN,NYNGAN1,2025-10-23T04:00:00+10:00,0.0,NEM
NYNGAN,NYNGAN1,2025-10-23T05:00:00+10:00,0.0,NEM
NYNGAN,NYNGAN1,2025-10-23T06:00:00+10:00,1.6043,NEM
NYNGAN,NYNGAN1,2025-10-23T07:00:00+10:00,7.2606,NEM
NYNGAN,NYNGAN1,2025-10-23T08:00:00+10:00,18.9583,NEM
NYNGAN,NYNGAN1,2025-10-23T09:00:00+10:00,30.5521,NEM
NYNGAN,NYNGAN1,2025-10-23T10:00:00+10:00,32.75,NEM
NYNGAN,NYNGAN1,2025-10-23T11:00:00+10:00,34.8228,NEM
NYNGAN,NYNGAN1,2025-10-23T12:00:00+10:00,38.25,NEM
NYNGAN,NYNGAN1,2025-10-23T13:00:00+10:00,38.073,NEM
NYNGAN,NYNGAN1,2025-10-23T14:00:00+10:00,33.4272,NEM
NYNGAN,NYNGAN1,2025-10-23T15:00:00+10:00,22.5625,NEM
NYNGAN,NYNGAN1,2025-10-23T16:00:00+10:00,18.9587,NEM
NYNGAN,NYNGAN1,2025-10-23T17:00:00+10:00,15.2293,NEM
NYNGAN,NYNGAN1,2025-10-23T18:00:00+10:00,0.6564,NEM
NYNGAN,NYNGAN1,2025-10-23T19:00:00+10:00,0.6252,NEM
NYNGAN,NYNGAN1,2025-10-23T20:00:00+10:00,0.521,NEM
NYNGAN,NYNGAN1,2025-10-23T21:00:00+10:00,0.0,NEM
NYNGAN,NYNGAN1,2025-10-23T22:00:00+10:00,0.0,NEM
NYNGAN,NYNGAN1,2025-10-23T23:00:00+10:00,0.0,NEM
NYNGAN,NYNGAN1,2025-10-24T00:00:00+10:00,0.0,NEM
NYNGAN,NYNGAN1,2025-10-24T01:00:00+10:00,0.0,NEM
NYNGAN,NYNGAN1,2025-10-24T02:00:00+10:00,0.0,NEM
NYNGAN,NYNGAN1,2025-10-24T03:00:00+10:00,0.0,NEM
NYNGAN,NYNGAN1,2025-10-24T04:00:00+10:00,0.0,NEM
NYNGAN,NYNGAN1,2025-10-24T05:00:00+10:00,0.0,NEM
NYNGAN,NYNGAN1,2025-10-24T06:00:00+10:00,1.7084,NEM
NYNGAN,NYNGAN1,2025-10-24T07:00:00+10:00,7.323,NEM
NYNGAN,NYNGAN1,2025-10-24T08:00:00+10:00,21.8231,NEM
NYNGAN,NYNGAN1,2025-10-24T09:00:00+10:00,18.094,NEM
NYNGAN,NYNGAN1,2025-10-24T10:00:00+10:00,16.6255,NEM
NYNGAN,NYNGAN1,2025-10-24T11:00:00+10:00,4.1252,NEM
NYNGAN,NYNGAN1,2025-10-24T12:00:00+10:00,0.0,NEM
NYNGAN,NYNGAN1,2025-10-24T13:00:00+10:00,0.0,NEM
NYNGAN,NYNGAN1,2025-10-24T14:00:00+10:00,0.0,NEM
NYNGAN,NYNGAN1,2025-10-24T15:00:00+10:00,2.7813,NEM
NYNGAN,NYNGAN1,2025-10-24T16:00:00+10:00,8.3125,NEM
NYNGAN,NYNGAN1,2025-10-24T17:00:00+10:00,2.0417,NEM
NYNGAN,NYNGAN1,2025-10-24T18:00:00+10:00,1.1045,NEM
NYNGAN,NYNGAN1,2025-10-24T19:00:00+10:00,1.2504,NEM
NYNGAN,NYNGAN1,2025-10-24T20:00:00+10:00,0.6252,NEM
NYNGAN,NYNGAN1,2025-10-24T21:00:00+10:00,0.0,NEM
NYNGAN,NYNGAN1,2025-10-24T22:00:00+10:00,0.0,NEM
NYNGAN,NYNGAN1,2025-10-24T23:00:00+10:00,0.0,NEM
NYNGAN,NYNGAN1,2025-10-25T00:00:00+10:00,0.0,NEM
NYNGAN,NYNGAN1,2025-10-25T01:00:00+10:00,0.0,NEM
NYNGAN,NYNGAN1,2025-10-25T02:00:00+10:00,0.0,NEM
NYNGAN,NYNGAN1,2025-10-25T03:00:00+10:00,0.0,NEM
NYNGAN,NYNGAN1,2025-10-25T04:00:00+10:00,0.0,NEM
NYNGAN,NYNGAN1,2025-10-25T05:00:00+10:00,0.0,NEM
NYNGAN,NYNGAN1,2025-10-25T06:00:00+10:00,0.3856,NEM
NYNGAN,NYNGAN1,2025-10-25T07:00:00+10:00,1.698,NEM
NYNGAN,NYNGAN1,2025-10-25T08:00:00+10:00,3.7189,NEM
NYNGAN,NYNGAN1,2025-10-25T09:00:00+10:00,4.5834,NEM
NYNGAN,NYNGAN1,2025-10-25T10:00:00+10:00,5.7398,NEM
NYNGAN,NYNGAN1,2025-10-25T11:00:00+10:00,22.9378,NEM
NYNGAN,NYNGAN1,2025-10-25T12:00:00+10:00,24.344,NEM
NYNGAN,NYNGAN1,2025-10-25T13:00:00+10:00,19.5521,NEM
NYNGAN,NYNGAN1,2025-10-25T14:00:00+10:00,17.0312,NEM
NYNGAN,NYNGAN1,2025-10-25T15:00:00+10:00,13.5001,NEM
NYNGAN,NYNGAN1,2025-10-25T16:00:00+10:00,14.1979,NEM
NYNGAN,NYNGAN1,2025-10-25T17:00:00+10:00,6.3751,NEM
NYNGAN,NYNGAN1,2025-10-25T18:00:00+10:00,0.8649,NEM
NYNGAN,NYNGAN1,2025-10-25T19:00:00+10:00,0.8442,NEM
NYNGAN,NYNGAN1,2025-10-25T20:00:00+10:00,0.3752,NEM
NYNGAN,NYNGAN1,2025-10-25T21:00:00+10:00,0.0,NEM
NYNGAN,NYNGAN1,2025-10-25T22:00:00+10:00,0.0,NEM
NYNGAN,NYNGAN1,2025-10-25T23:00:00+10:00,0.0,NEM
NYNGAN,NYNGAN1,2025-10-26T00:00:00+10:00,0.0,NEM
NYNGAN,NYNGAN1,2025-10-26T01:00:00+10:00,0.0,NEM
NYNGAN,NYNGAN1,2025-10-26T02:00:00+10:00,0.0,NEM
NYNGAN,NYNGAN1,2025-10-26T03:00:00+10:00,0.0,NEM
NYNGAN,NYNGAN1,2025-10-26T04:00:00+10:00,0.0,NEM
NYNGAN,NYNGAN1,2025-10-26T05:00:00+10:00,0.0,NEM
NYNGAN,NYNGAN1,2025-10-26T06:00:00+10:00,1.4584,NEM
NYNGAN,NYNGAN1,2025-10-26T07:00:00+10:00,2.9168,NEM
NYNGAN,NYNGAN1,2025-10-26T08:00:00+10:00,4.6876,NEM
NYNGAN,NYNGAN1,2025-10-26T09:00:00+10:00,6.6772,NEM
NYNGAN,NYNGAN1,2025-10-26T10:00:00+10:00,12.417,NEM
NYNGAN,NYNGAN1,2025-10-26T11:00:00+10:00,11.2293,NEM
NYNGAN,NYNGAN1,2025-10-26T12:00:00+10:00,16.2188,NEM
NYNGAN,NYNGAN1,2025-10-26T13:00:00+10:00,49.8646,NEM
NYNGAN,NYNGAN1,2025-10-26T14:00:00+10:00,68.7918,NEM
NYNGAN,NYNGAN1,2025-10-26T15:00:00+10:00,65.3124,NEM
NYNGAN,NYNGAN1,2025-10-26T16:00:00+10:00,47.7918,NEM
NYNGAN,NYNGAN1,2025-10-26T17:00:00+10:00,19.1563,NEM
NYNGAN,NYNGAN1,2025-10-26T18:00:00+10:00,3.0103,NEM
NYNGAN,NYNGAN1,2025-10-26T19:00:00+10:00,2.625,NEM
NYNGAN,NYNGAN1,2025-10-26T20:00:00+10:00,1.125,NEM
NYNGAN,NYNGAN1,2025-10-26T21:00:00+10:00,0.0,NEM
NYNGAN,NYNGAN1,2025-10-26T22:00:00+10:00,0.0,NEM
NYNGAN,NYNGAN1,2025-10-26T23:00:00+10:00,0.0,NEM
NYNGAN,NYNGAN1,2025-10-27T00:00:00+10:00,0.0,NEM
NYNGAN,NYNGAN1,2025-10-27T01:00:00+10:00,0.0,NEM
NYNGAN,NYNGAN1,2025-10-27T02:00:00+10:00,0.0,NEM
NYNGAN,NYNGAN1,2025-10-27T03:00:00+10:00,0.0,NEM
NYNGAN,NYNGAN1,2025-10-27T04:00:00+10:00,0.0,NEM
NYNGAN,NYNGAN1,2025-10-27T05:00:00+10:00,0.0208,NEM
NYNGAN,NYNGAN1,2025-10-27T06:00:00+10:00,6.3438,NEM
NYNGAN,NYNGAN1,2025-10-27T07:00:00+10:00,23.4376,NEM
NYNGAN,NYNGAN1,2025-10-27T08:00:00+10:00,58.4168,NEM
NYNGAN,NYNGAN1,2025-10-27T09:00:00+10:00,82.0938,NEM
NYNGAN,NYNGAN1,2025-10-27T10:00:00+10:00,91.7189,NEM
NYNGAN,NYNGAN1,2025-10-27T11:00:00+10:00,96.9897,NEM
NYNGAN,NYNGAN1,2025-10-27T12:00:00+10:00,99.0522,NEM
NYNGAN,NYNGAN1,2025-10-27T13:00:00+10:00,84.6668,NEM
NYNGAN,NYNGAN1,2025-10-27T14:00:00+10:00,71.8334,NEM
NYNGAN,NYNGAN1,2025-10-27T15:00:00+10:00,52.8647,NEM
NYNGAN,NYNGAN1,2025-10-27T16:00:00+10:00,36.6356,NEM
NYNGAN,NYNGAN1,2025-10-27T17:00:00+10:00,16.3855,NEM
NYNGAN,NYNGAN1,2025-10-27T18:00:00+10:00,1.8856,NEM
NYNGAN,NYNGAN1,2025-10-27T19:00:00+10:00,1.4585,NEM
NYNGAN,NYNGAN1,2025-10-27T20:00:00+10:00,0.5834,NEM
NYNGAN,NYNGAN1,2025-10-27T21:00:00+10:00,0.0,NEM
NYNGAN,NYNGAN1,2025-10-27T22:00:00+10:00,0.0,NEM
NYNGAN,NYNGAN1,2025-10-27T23:00:00+10:00,0.0,NEM
NYNGAN,NYNGAN1,2025-10-28T00:00:00+10:00,0.0,NEM
NYNGAN,NYNGAN1,2025-10-28T01:00:00+10:00,0.0,NEM
NYNGAN,NYNGAN1,2025-10-28T02:00:00+10:00,0.0,NEM
NYNGAN,NYNGAN1,2025-10-28T03:00:00+10:00,0.0,NEM
NYNGAN,NYNGAN1,2025-10-28T05:00:00+10:00,0.0,NEM
NYNGAN,NYNGAN1,2025-10-28T06:00:00+10:00,1.3959,NEM
NYNGAN,NYNGAN1,2025-10-28T07:00:00+10:00,16.9167,NEM
NYNGAN,NYNGAN1,2025-10-28T08:00:00+10:00,30.1772,NEM
NYNGAN,NYNGAN1,2025-10-28T09:00:00+10:00,47.1251,NEM
NYNGAN,NYNGAN1,2025-10-28T10:00:00+10:00,90.4689,NEM
NYNGAN,NYNGAN1,2025-10-28T11:00:00+10:00,89.2397,NEM
NYNGAN,NYNGAN1,2025-10-28T12:00:00+10:00,94.3126,NEM
NYNGAN,NYNGAN1,2025-10-28T13:00:00+10:00,76.427,NEM
NYNGAN,NYNGAN1,2025-10-28T14:00:00+10:00,49.802,NEM
NYNGAN,NYNGAN1,2025-10-28T15:00:00+10:00,48.8748,NEM
NYNGAN,NYNGAN1,2025-10-28T16:00:00+10:00,16.2916,NEM
NYNGAN,NYNGAN1,2025-10-28T17:00:00+10:00,1.1043,NEM
NYNGAN,NYNGAN1,2025-10-28T18:00:00+10:00,0.4166,NEM
NYNGAN,NYNGAN1,2025-10-28T19:00:00+10:00,0.0,NEM
NYNGAN,NYNGAN1,2025-10-28T20:00:00+10:00,0.0,NEM
NYNGAN,NYNGAN1,2025-10-28T21:00:00+10:00,0.0,NEM
NYNGAN,NYNGAN1,2025-10-28T22:00:00+10:00,0.0,NEM
NYNGAN,NYNGAN1,2025-10-28T23:00:00+10:00,0.0,NEM
NYNGAN,NYNGAN1,2025-10-29T00:00:00+10:00,0.0,NEM
NYNGAN,NYNGAN1,2025-10-29T01:00:00+10:00,0.0,NEM
NYNGAN,NYNGAN1,2025-10-29T02:00:00+10:00,0.0,NEM
NYNGAN,NYNGAN1,2025-10-29T03:00:00+10:00,0.0,NEM
NYNGAN,NYNGAN1,2025-10-29T04:00:00+10:00,0.0,NEM
NYNGAN,NYNGAN1,2025-10-29T05:00:00+10:00,0.0,NEM
NYNGAN,NYNGAN1,2025-10-29T06:00:00+10:00,1.5313,NEM
NYNGAN,NYNGAN1,2025-10-29T07:00:00+10:00,7.0105,NEM
NYNGAN,NYNGAN1,2025-10-29T08:00:00+10:00,26.4061,NEM
NYNGAN,NYNGAN1,2025-10-29T09:00:00+10:00,36.8022,NEM
NYNGAN,NYNGAN1,2025-10-29T10:00:00+10:00,42.8438,NEM
NYNGAN,NYNGAN1,2025-10-29T11:00:00+10:00,66.2917,NEM
NYNGAN,NYNGAN1,2025-10-29T12:00:00+10:00,83.146,NEM
NYNGAN,NYNGAN1,2025-10-29T13:00:00+10:00,85.4895,NEM
NYNGAN,NYNGAN1,2025-10-29T14:00:00+10:00,76.5835,NEM
NYNGAN,NYNGAN1,2025-10-29T15:00:00+10:00,53.4064,NEM
NYNGAN,NYNGAN1,2025-10-29T16:00:00+10:00,49.4897,NEM
NYNGAN,NYNGAN1,2025-10-29T17:00:00+10:00,36.6563,NEM
NYNGAN,NYNGAN1,2025-10-29T18:00:00+10:00,2.1046,NEM
NYNGAN,NYNGAN1,2025-10-29T19:00:00+10:00,1.8756,NEM
NYNGAN,NYNGAN1,2025-10-29T20:00:00+10:00,1.7193,NEM
NYNGAN,NYNGAN1,2025-10-29T21:00:00+10:00,0.0,NEM
NYNGAN,NYNGAN1,2025-10-29T22:00:00+10:00,0.0,NEM
NYNGAN,NYNGAN1,2025-10-29T23:00:00+10:00,0.0,NEM
NYNGAN,NYNGAN1,2025-10-30T00:00:00+10:00,0.0,NEM
NYNGAN,NYNGAN1,2025-10-30T01:00:00+10:00,0.0,NEM
NYNGAN,NYNGAN1,2025-10-30T02:00:00+10:00,0.0,NEM
NYNGAN,NYNGAN1,2025-10-30T03:00:00+10:00,0.0,NEM
NYNGAN,NYNGAN1,2025-10-30T04:00:00+10:00,0.0,NEM
NYNGAN,NYNGAN1,2025-10-30T05:00:00+10:00,0.0938,NEM
NYNGAN,NYNGAN1,2025-10-30T06:00:00+10:00,5.0001,NEM
NYNGAN,NYNGAN1,2025-10-30T07:00:00+10:00,18.698,NEM
NYNGAN,NYNGAN1,2025-10-30T08:00:00+10:00,47.3542,NEM
NYNGAN,NYNGAN1,2025-10-30T09:00:00+10:00,78.1977,NEM
NYNGAN,NYNGAN1,2025-10-30T10:00:00+10:00,69.1979,NEM
NYNGAN,NYNGAN1,2025-10-30T11:00:00+10:00,75.698,NEM
NYNGAN,NYNGAN1,2025-10-30T12:00:00+10:00,100.3438,NEM
NYNGAN,NYNGAN1,2025-10-30T13:00:00+10:00,96.8544,NEM
NYNGAN,NYNGAN1,2025-10-30T14:00:00+10:00,92.5105,NEM
NYNGAN,NYNGAN1,2025-10-30T15:00:00+10:00,75.9895,NEM
NYNGAN,NYNGAN1,2025-10-30T16:00:00+10:00,60.7814,NEM
NYNGAN,NYNGAN1,2025-10-30T17:00:00+10:00,38.2918,NEM
NYNGAN,NYNGAN1,2025-10-30T18:00:00+10:00,2.8754,NEM
NYNGAN,NYNGAN1,2025-10-30T19:00:00+10:00,2.6256,NEM
NYNGAN,NYNGAN1,2025-10-30T20:00:00+10:00,2.188,NEM
NYNGAN,NYNGAN1,2025-10-30T21:00:00+10:00,0.0,NEM
NYNGAN,NYNGAN1,2025-10-30T22:00:00+10:00,0.0,NEM
NYNGAN,NYNGAN1,2025-10-30T23:00:00+10:00,0.0,NEM
NYNGAN,NYNGAN1,2025-10-31T00:00:00+10:00,0.0,NEM
NYNGAN,NYNGAN1,2025-10-31T01:00:00+10:00,0.0,NEM
NYNGAN,NYNGAN1,2025-10-31T02:00:00+10:00,0.0,NEM
NYNGAN,NYNGAN1,2025-10-31T03:00:00+10:00,0.0,NEM
NYNGAN,NYNGAN1,2025-10-31T04:00:00+10:00,0.0,NEM
NYNGAN,NYNGAN1,2025-10-31T05:00:00+10:00,0.4376,NEM
NYNGAN,NYNGAN1,2025-10-31T06:00:00+10:00,5.948,NEM
NYNGAN,NYNGAN1,2025-10-31T07:00:00+10:00,17.7918,NEM
NYNGAN,NYNGAN1,2025-10-31T08:00:00+10:00,36.9272,NEM
NYNGAN,NYNGAN1,2025-10-31T09:00:00+10:00,59.4273,NEM
NYNGAN,NYNGAN1,2025-10-31T10:00:00+10:00,58.2917,NEM
NYNGAN,NYNGAN1,2025-10-31T11:00:00+10:00,37.4065,NEM
NYNGAN,NYNGAN1,2025-10-31T12:00:00+10:00,34.9896,NEM
NYNGAN,NYNGAN1,2025-10-31T13:00:00+10:00,26.2917,NEM
NYNGAN,NYNGAN1,2025-10-31T14:00:00+10:00,15.7293,NEM
NYNGAN,NYNGAN1,2025-10-31T15:00:00+10:00,17.7604,NEM
NYNGAN,NYNGAN1,2025-10-31T16:00:00+10:00,18.448,NEM
NYNGAN,NYNGAN1,2025-10-31T17:00:00+10:00,8.9169,NEM
NYNGAN,NYNGAN1,2025-10-31T18:00:00+10:00,3.4271,NEM
NYNGAN,NYNGAN1,2025-10-31T19:00:00+10:00,3.0,NEM
NYNGAN,NYNGAN1,2025-10-31T20:00:00+10:00,2.75,NEM
NYNGAN,NYNGAN1,2025-10-31T21:00:00+10:00,0.0,NEM
NYNGAN,NYNGAN1,2025-10-31T22:00:00+10:00,0.0,NEM
NYNGAN,NYNGAN1,2025-10-31T23:00:00+10:00,0.0,NEM
NYNGAN,NYNGAN1,2025-11-01T00:00:00+10:00,0.0,NEM
NYNGAN,NYNGAN1,2025-11-01T01:00:00+10:00,0.0,NEM
NYNGAN,NYNGAN1,2025-11-01T02:00:00+10:00,0.0,NEM
NYNGAN,NYNGAN1,2025-11-01T03:00:00+10:00,0.0,NEM
NYNGAN,NYNGAN1,2025-11-01T04:00:00+10:00,0.0,NEM
NYNGAN,NYNGAN1,2025-11-01T05:00:00+10:00,0.1563,NEM
NYNGAN,NYNGAN1,2025-11-01T06:00:00+10:00,4.5834,NEM
NYNGAN,NYNGAN1,2025-11-01T07:00:00+10:00,18.9375,NEM
NYNGAN,NYNGAN1,2025-11-01T08:00:00+10:00,45.8544,NEM
NYNGAN,NYNGAN1,2025-11-01T09:00:00+10:00,61.5001,NEM
NYNGAN,NYNGAN1,2025-11-01T10:00:00+10:00,45.2503,NEM
NYNGAN,NYNGAN1,2025-11-01T11:00:00+10:00,89.3022,NEM
NYNGAN,NYNGAN1,2025-11-01T12:00:00+10:00,55.3542,NEM
NYNGAN,NYNGAN1,2025-11-01T13:00:00+10:00,82.0209,NEM
NYNGAN,NYNGAN1,2025-11-01T14:00:00+10:00,91.1877,NEM
NYNGAN,NYNGAN1,2025-11-01T15:00:00+10:00,73.5416,NEM
NYNGAN,NYNGAN1,2025-11-01T16:00:00+10:00,60.0417,NEM
NYNGAN,NYNGAN1,2025-11-01T17:00:00+10:00,40.0107,NEM
NYNGAN,NYNGAN1,2025-11-01T18:00:00+10:00,2.1566,NEM
NYNGAN,NYNGAN1,2025-11-01T19:00:00+10:00,1.8756,NEM
NYNGAN,NYNGAN1,2025-11-01T20:00:00+10:00,1.7193,NEM
NYNGAN,NYNGAN1,2025-11-01T21:00:00+10:00,0.0,NEM
NYNGAN,NYNGAN1,2025-11-01T22:00:00+10:00,0.0,NEM
NYNGAN,NYNGAN1,2025-11-01T23:00:00+10:00,0.0,NEM
NYNGAN,NYNGAN1,2025-11-02T00:00:00+10:00,0.0,NEM
NYNGAN,NYNGAN1,2025-11-02T01:00:00+10:00,0.0,NEM
NYNGAN,NYNGAN1,2025-11-02T02:00:00+10:00,0.0,NEM
NYNGAN,NYNGAN1,2025-11-02T03:00:00+10:00,0.0,NEM
NYNGAN,NYNGAN1,2025-11-02T04:00:00+10:00,0.0,NEM
NYNGAN,NYNGAN1,2025-11-02T05:00:00+10:00,0.0938,NEM
NYNGAN,NYNGAN1,2025-11-02T06:00:00+10:00,4.7917,NEM
NYNGAN,NYNGAN1,2025-11-02T07:00:00+10:00,1.9584,NEM
NYNGAN,NYNGAN1,2025-11-02T08:00:00+10:00,0.0,NEM
NYNGAN,NYNGAN1,2025-11-02T09:00:00+10:00,0.0,NEM
NYNGAN,NYNGAN1,2025-11-02T10:00:00+10:00,0.0,NEM
NYNGAN,NYNGAN1,2025-11-02T11:00:00+10:00,0.0,NEM
NYNGAN,NYNGAN1,2025-11-02T12:00:00+10:00,0.0,NEM
NYNGAN,NYNGAN1,2025-11-02T13:00:00+10:00,0.0,NEM
NYNGAN,NYNGAN1,2025-11-02T14:00:00+10:00,0.0,NEM
NYNGAN,NYNGAN1,2025-11-02T15:00:00+10:00,15.0105,NEM
NYNGAN,NYNGAN1,2025-11-02T16:00:00+10:00,16.1875,NEM
NYNGAN,NYNGAN1,2025-11-02T17:00:00+10:00,5.6355,NEM
NYNGAN,NYNGAN1,2025-11-02T18:00:00+10:00,2.354,NEM
NYNGAN,NYNGAN1,2025-11-02T19:00:00+10:00,1.6248,NEM
NYNGAN,NYNGAN1,2025-11-02T20:00:00+10:00,1.4894,NEM
NYNGAN,NYNGAN1,2025-11-02T21:00:00+10:00,0.0,NEM
NYNGAN,NYNGAN1,2025-11-02T22:00:00+10:00,0.0,NEM
NYNGAN,NYNGAN1,2025-11-02T23:00:00+10:00,0.0,NEM
NYNGAN,NYNGAN1,2025-11-03T00:00:00+10:00,0.0,NEM
NYNGAN,NYNGAN1,2025-11-03T01:00:00+10:00,0.0,NEM
NYNGAN,NYNGAN1,2025-11-03T02:00:00+10:00,0.0,NEM
NYNGAN,NYNGAN1,2025-11-03T03:00:00+10:00,0.0,NEM
NYNGAN,NYNGAN1,2025-11-03T04:00:00+10:00,0.0,NEM
NYNGAN,NYNGAN1,2025-11-03T05:00:00+10:00,0.1146,NEM
NYNGAN,NYNGAN1,2025-11-03T06:00:00+10:00,5.8749,NEM
NYNGAN,NYNGAN1,2025-11-03T07:00:00+10:00,11.0834,NEM
NYNGAN,NYNGAN1,2025-11-03T08:00:00+10:00,37.8751,NEM
NYNGAN,NYNGAN1,2025-11-03T09:00:00+10:00,55.7293,NEM
NYNGAN,NYNGAN1,2025-11-03T10:00:00+10:00,47.6146,NEM
NYNGAN,NYNGAN1,2025-11-03T11:00:00+10:00,39.2189,NEM
NYNGAN,NYNGAN1,2025-11-03T12:00:00+10:00,32.1877,NEM
NYNGAN,NYNGAN1,2025-11-03T13:00:00+10:00,26.2187,NEM
NYNGAN,NYNGAN1,2025-11-03T14:00:00+10:00,22.5312,NEM
NYNGAN,NYNGAN1,2025-11-03T15:00:00+10:00,14.6562,NEM
NYNGAN,NYNGAN1,2025-11-03T16:00:00+10:00,9.6044,NEM
NYNGAN,NYNGAN1,2025-11-03T17:00:00+10:00,6.5209,NEM
NYNGAN,NYNGAN1,2025-11-03T18:00:00+10:00,0.0,NEM
NYNGAN,NYNGAN1,2025-11-03T19:00:00+10:00,0.0,NEM
NYNGAN,NYNGAN1,2025-11-03T20:00:00+10:00,0.0,NEM
NYNGAN,NYNGAN1,2025-11-03T21:00:00+10:00,0.0,NEM
NYNGAN,NYNGAN1,2025-11-03T22:00:00+10:00,0.0,NEM
NYNGAN,NYNGAN1,2025-11-03T23:00:00+10:00,0.0,NEM
NYNGAN,NYNGAN1,2025-11-04T00:00:00+10:00,0.0,NEM
NYNGAN,NYNGAN1,2025-11-04T01:00:00+10:00,0.0,NEM
NYNGAN,NYNGAN1,2025-11-04T02:00:00+10:00,0.0,NEM
NYNGAN,NYNGAN1,2025-11-04T03:00:00+10:00,0.0,NEM
NYNGAN,NYNGAN1,2025-11-04T04:00:00+10:00,0.0,NEM
NYNGAN,NYNGAN1,2025-11-04T05:00:00+10:00,0.1355,NEM
NYNGAN,NYNGAN1,2025-11-04T06:00:00+10:00,5.3128,NEM
NYNGAN,NYNGAN1,2025-11-04T07:00:00+10:00,18.7293,NEM
NYNGAN,NYNGAN1,2025-11-04T08:00:00+10:00,50.3334,NEM
NYNGAN,NYNGAN1,2025-11-04T09:00:00+10:00,45.1772,NEM
NYNGAN,NYNGAN1,2025-11-04T10:00:00+10:00,36.8957,NEM
NYNGAN,NYNGAN1,2025-11-04T11:00:00+10:00,24.5832,NEM
NYNGAN,NYNGAN1,2025-11-04T12:00:00+10:00,0.0,NEM
NYNGAN,NYNGAN1,2025-11-04T13:00:00+10:00,0.0,NEM
NYNGAN,NYNGAN1,2025-11-04T14:00:00+10:00,0.0,NEM
NYNGAN,NYNGAN1,2025-11-04T15:00:00+10:00,0.0,NEM
NYNGAN,NYNGAN1,2025-11-04T16:00:00+10:00,4.1667,NEM
NYNGAN,NYNGAN1,2025-11-04T17:00:00+10:00,6.6043,NEM
NYNGAN,NYNGAN1,2025-11-04T18:00:00+10:00,2.3336,NEM
NYNGAN,NYNGAN1,2025-11-04T19:00:00+10:00,2.0004,NEM
NYNGAN,NYNGAN1,2025-11-04T20:00:00+10:00,1.8337,NEM
NYNGAN,NYNGAN1,2025-11-04T21:00:00+10:00,0.0,NEM
NYNGAN,NYNGAN1,2025-11-04T22:00:00+10:00,0.0,NEM
NYNGAN,NYNGAN1,2025-11-04T23:00:00+10:00,0.0,NEM
NYNGAN,NYNGAN1,2025-11-05T00:00:00+10:00,0.0,NEM
NYNGAN,NYNGAN1,2025-11-05T01:00:00+10:00,0.0,NEM
NYNGAN,NYNGAN1,2025-11-05T02:00:00+10:00,0.0,NEM
NYNGAN,NYNGAN1,2025-11-05T03:00:00+10:00,0.0,NEM
NYNGAN,NYNGAN1,2025-11-05T04:00:00+10:00,0.0,NEM
NYNGAN,NYNGAN1,2025-11-05T05:00:00+10:00,0.1771,NEM
NYNGAN,NYNGAN1,2025-11-05T06:00:00+10:00,5.2086,NEM
NYNGAN,NYNGAN1,2025-11-05T07:00:00+10:00,17.0002,NEM
NYNGAN,NYNGAN1,2025-11-05T08:00:00+10:00,37.2812,NEM
NYNGAN,NYNGAN1,2025-11-05T09:00:00+10:00,36.8748,NEM
NYNGAN,NYNGAN1,2025-11-05T10:00:00+10:00,33.8019,NEM
NYNGAN,NYNGAN1,2025-11-05T11:00:00+10:00,24.5832,NEM
NYNGAN,NYNGAN1,2025-11-05T12:00:00+10:00,0.0,NEM
NYNGAN,NYNGAN1,2025-11-05T13:00:00+10:00,0.0,NEM
NYNGAN,NYNGAN1,2025-11-05T14:00:00+10:00,0.0,NEM
NYNGAN,NYNGAN1,2025-11-05T15:00:00+10:00,0.0,NEM
NYNGAN,NYNGAN1,2025-11-05T16:00:00+10:00,3.073,NEM
NYNGAN,NYNGAN1,2025-11-05T17:00:00+10:00,7.5627,NEM
NYNGAN,NYNGAN1,2025-11-05T18:00:00+10:00,2.4377,NEM
NYNGAN,NYNGAN1,2025-11-05T19:00:00+10:00,1.9481,NEM
NYNGAN,NYNGAN1,2025-11-05T20:00:00+10:00,1.9481,NEM
NYNGAN,NYNGAN1,2025-11-05T21:00:00+10:00,0.0,NEM
NYNGAN,NYNGAN1,2025-11-05T22:00:00+10:00,0.0,NEM
NYNGAN,NYNGAN1,2025-11-05T23:00:00+10:00,0.0,NEM
NYNGAN,NYNGAN1,2025-11-06T00:00:00+10:00,0.0,NEM
NYNGAN,NYNGAN1,2025-11-06T01:00:00+10:00,0.0,NEM
NYNGAN,NYNGAN1,2025-11-06T02:00:00+10:00,0.0,NEM
NYNGAN,NYNGAN1,2025-11-06T03:00:00+10:00,0.0,NEM
NYNGAN,NYNGAN1,2025-11-06T04:00:00+10:00,0.0,NEM
NYNGAN,NYNGAN1,2025-11-06T05:00:00+10:00,0.1979,NEM
NYNGAN,NYNGAN1,2025-11-06T06:00:00+10:00,3.8751,NEM
NYNGAN,NYNGAN1,2025-11-06T07:00:00+10:00,0.0833,NEM
NYNGAN,NYNGAN1,2025-11-06T08:00:00+10:00,21.4688,NEM
NYNGAN,NYNGAN1,2025-11-06T09:00:00+10:00,30.3858,NEM
NYNGAN,NYNGAN1,2025-11-06T10:00:00+10:00,22.292,NEM
NYNGAN,NYNGAN1,2025-11-06T11:00:00+10:00,15.6044,NEM
NYNGAN,NYNGAN1,2025-11-06T12:00:00+10:00,0.0,NEM
NYNGAN,NYNGAN1,2025-11-06T13:00:00+10:00,0.0,NEM
NYNGAN,NYNGAN1,2025-11-06T14:00:00+10:00,2.7396,NEM
NYNGAN,NYNGAN1,2025-11-06T15:00:00+10:00,3.698,NEM
NYNGAN,NYNGAN1,2025-11-06T16:00:00+10:00,11.5,NEM
NYNGAN,NYNGAN1,2025-11-06T17:00:00+10:00,7.1356,NEM
NYNGAN,NYNGAN1,2025-11-06T18:00:00+10:00,3.0107,NEM
NYNGAN,NYNGAN1,2025-11-06T19:00:00+10:00,2.5212,NEM
NYNGAN,NYNGAN1,2025-11-06T20:00:00+10:00,2.292,NEM
NYNGAN,NYNGAN1,2025-11-06T21:00:00+10:00,0.0,NEM
NYNGAN,NYNGAN1,2025-11-06T22:00:00+10:00,0.0,NEM
NYNGAN,NYNGAN1,2025-11-06T23:00:00+10:00,0.0,NEM
NYNGAN,NYNGAN1,2025-11-07T00:00:00+10:00,0.0,NEM
NYNGAN,NYNGAN1,2025-11-07T01:00:00+10:00,0.0,NEM
NYNGAN,NYNGAN1,2025-11-07T02:00:00+10:00,0.0,NEM
NYNGAN,NYNGAN1,2025-11-07T03:00:00+10:00,0.0,NEM
NYNGAN,NYNGAN1,2025-11-07T04:00:00+10:00,0.0,NEM
NYNGAN,NYNGAN1,2025-11-07T05:00:00+10:00,0.2709,NEM
NYNGAN,NYNGAN1,2025-11-07T06:00:00+10:00,5.4688,NEM
NYNGAN,NYNGAN1,2025-11-07T07:00:00+10:00,9.6355,NEM
NYNGAN,NYNGAN1,2025-11-07T08:00:00+10:00,10.1666,NEM
NYNGAN,NYNGAN1,2025-11-07T09:00:00+10:00,22.0105,NEM
NYNGAN,NYNGAN1,2025-11-07T10:00:00+10:00,12.7291,NEM
NYNGAN,NYNGAN1,2025-11-07T11:00:00+10:00,16.8646,NEM
NYNGAN,NYNGAN1,2025-11-07T12:00:00+10:00,39.3437,NEM
NYNGAN,NYNGAN1,2025-11-07T13:00:00+10:00,32.2812,NEM
NYNGAN,NYNGAN1,2025-11-07T14:00:00+10:00,33.1041,NEM
NYNGAN,NYNGAN1,2025-11-07T15:00:00+10:00,29.3586,NEM
NYNGAN,NYNGAN1,2025-11-07T16:00:00+10:00,29.2397,NEM
NYNGAN,NYNGAN1,2025-11-07T17:00:00+10:00,23.4063,NEM
NYNGAN,NYNGAN1,2025-11-07T18:00:00+10:00,1.9795,NEM
NYNGAN,NYNGAN1,2025-11-07T19:00:00+10:00,1.0318,NEM
NYNGAN,NYNGAN1,2025-11-07T20:00:00+10:00,0.938,NEM
NYNGAN,NYNGAN1,2025-11-07T21:00:00+10:00,0.0,NEM
NYNGAN,NYNGAN1,2025-11-07T22:00:00+10:00,0.0,NEM
NYNGAN,NYNGAN1,2025-11-07T23:00:00+10:00,0.0,NEM
NYNGAN,NYNGAN1,2025-11-08T00:00:00+10:00,0.0,NEM
NYNGAN,NYNGAN1,2025-11-08T01:00:00+10:00,0.0,NEM
NYNGAN,NYNGAN1,2025-11-08T02:00:00+10:00,0.0,NEM
NYNGAN,NYNGAN1,2025-11-08T03:00:00+10:00,0.0,NEM
NYNGAN,NYNGAN1,2025-11-08T04:00:00+10:00,0.0,NEM
NYNGAN,NYNGAN1,2025-11-08T05:00:00+10:00,0.25,NEM
NYNGAN,NYNGAN1,2025-11-08T06:00:00+10:00,3.0522,NEM
NYNGAN,NYNGAN1,2025-11-08T07:00:00+10:00,12.7814,NEM
NYNGAN,NYNGAN1,2025-11-08T08:00:00+10:00,9.5105,NEM
NYNGAN,NYNGAN1,2025-11-08T09:00:00+10:00,0.0,NEM
NYNGAN,NYNGAN1,2025-11-08T10:00:00+10:00,0.0,NEM
NYNGAN,NYNGAN1,2025-11-08T11:00:00+10:00,0.0,NEM
NYNGAN,NYNGAN1,2025-11-08T12:00:00+10:00,0.0,NEM
NYNGAN,NYNGAN1,2025-11-08T13:00:00+10:00,0.0,NEM
NYNGAN,NYNGAN1,2025-11-08T14:00:00+10:00,4.0207,NEM
NYNGAN,NYNGAN1,2025-11-08T15:00:00+10:00,31.8021,NEM
NYNGAN,NYNGAN1,2025-11-08T16:00:00+10:00,22.5834,NEM
NYNGAN,NYNGAN1,2025-11-08T17:00:00+10:00,18.8269,NEM
NYNGAN,NYNGAN1,2025-11-08T18:00:00+10:00,17.2807,NEM
NYNGAN,NYNGAN1,2025-11-08T19:00:00+10:00,10.54,NEM
NYNGAN,NYNGAN1,2025-11-08T20:00:00+10:00,10.54,NEM
NYNGAN,NYNGAN1,2025-11-08T21:00:00+10:00,0.0,NEM
NYNGAN,NYNGAN1,2025-11-08T22:00:00+10:00,0.0,NEM
NYNGAN,NYNGAN1,2025-11-08T23:00:00+10:00,0.0,NEM
NYNGAN,NYNGAN1,2025-11-09T00:00:00+10:00,0.0,NEM
NYNGAN,NYNGAN1,2025-11-09T01:00:00+10:00,0.0,NEM
NYNGAN,NYNGAN1,2025-11-09T02:00:00+10:00,0.0,NEM
NYNGAN,NYNGAN1,2025-11-09T03:00:00+10:00,0.0,NEM
NYNGAN,NYNGAN1,2025-11-09T04:00:00+10:00,0.0,NEM
NYNGAN,NYNGAN1,2025-11-09T05:00:00+10:00,0.0625,NEM
NYNGAN,NYNGAN1,2025-11-09T06:00:00+10:00,2.5521,NEM
NYNGAN,NYNGAN1,2025-11-09T07:00:00+10:00,8.6355,NEM
NYNGAN,NYNGAN1,2025-11-09T08:00:00+10:00,4.4271,NEM
NYNGAN,NYNGAN1,2025-11-09T09:00:00+10:00,0.0,NEM
NYNGAN,NYNGAN1,2025-11-09T10:00:00+10:00,0.0,NEM
NYNGAN,NYNGAN1,2025-11-09T11:00:00+10:00,0.0,NEM
NYNGAN,NYNGAN1,2025-11-09T12:00:00+10:00,21.5,NEM
NYNGAN,NYNGAN1,2025-11-09T13:00:00+10:00,10.875,NEM
NYNGAN,NYNGAN1,2025-11-09T14:00:00+10:00,28.573,NEM
NYNGAN,NYNGAN1,2025-11-09T15:00:00+10:00,14.2497,NEM
NYNGAN,NYNGAN1,2025-11-09T16:00:00+10:00,19.0831,NEM
NYNGAN,NYNGAN1,2025-11-09T17:00:00+10:00,14.7188,NEM
NYNGAN,NYNGAN1,2025-11-09T18:00:00+10:00,1.2605,NEM
NYNGAN,NYNGAN1,2025-11-09T19:00:00+10:00,1.042,NEM
NYNGAN,NYNGAN1,2025-11-09T20:00:00+10:00,0.8336,NEM
NYNGAN,NYNGAN1,2025-11-09T21:00:00+10:00,0.0,NEM
NYNGAN,NYNGAN1,2025-11-09T22:00:00+10:00,0.0,NEM
NYNGAN,NYNGAN1,2025-11-09T23:00:00+10:00,0.0,NEM
NYNGAN,NYNGAN1,2025-11-10T00:00:00+10:00,0.0,NEM
NYNGAN,NYNGAN1,2025-11-10T01:00:00+10:00,0.0,NEM
NYNGAN,NYNGAN1,2025-11-10T02:00:00+10:00,0.0,NEM
NYNGAN,NYNGAN1,2025-11-10T03:00:00+10:00,0.0,NEM
NYNGAN,NYNGAN1,2025-11-10T04:00:00+10:00,0.0,NEM
NYNGAN,NYNGAN1,2025-11-10T05:00:00+10:00,0.1563,NEM
NYNGAN,NYNGAN1,2025-11-10T06:00:00+10:00,5.448,NEM
NYNGAN,NYNGAN1,2025-11-10T07:00:00+10:00,4.8646,NEM
NYNGAN,NYNGAN1,2025-11-10T08:00:00+10:00,0.6979,NEM
NYNGAN,NYNGAN1,2025-11-10T09:00:00+10:00,4.4167,NEM
NYNGAN,NYNGAN1,2025-11-10T10:00:00+10:00,0.0,NEM
NYNGAN,NYNGAN1,2025-11-10T11:00:00+10:00,0.0,NEM
NYNGAN,NYNGAN1,2025-11-10T12:00:00+10:00,0.0,NEM
NYNGAN,NYNGAN1,2025-11-10T13:00:00+10:00,0.0,NEM
NYNGAN,NYNGAN1,2025-11-10T14:00:00+10:00,0.0,NEM
NYNGAN,NYNGAN1,2025-11-10T15:00:00+10:00,5.8126,NEM
NYNGAN,NYNGAN1,2025-11-10T16:00:00+10:00,3.4791,NEM
NYNGAN,NYNGAN1,2025-11-10T17:00:00+10:00,7.6982,NEM
NYNGAN,NYNGAN1,2025-11-10T18:00:00+10:00,3.1564,NEM
NYNGAN,NYNGAN1,2025-11-10T19:00:00+10:00,2.9168,NEM
NYNGAN,NYNGAN1,2025-11-10T20:00:00+10:00,1.4584,NEM
NYNGAN,NYNGAN1,2025-11-10T21:00:00+10:00,0.0,NEM
NYNGAN,NYNGAN1,2025-11-10T22:00:00+10:00,0.0,NEM
NYNGAN,NYNGAN1,2025-11-10T23:00:00+10:00,0.0,NEM
NYNGAN,NYNGAN1,2025-11-11T00:00:00+10:00,0.0,NEM
NYNGAN,NYNGAN1,2025-11-11T01:00:00+10:00,0.0,NEM
NYNGAN,NYNGAN1,2025-11-11T02:00:00+10:00,0.0,NEM
NYNGAN,NYNGAN1,2025-11-11T03:00:00+10:00,0.0,NEM
NYNGAN,NYNGAN1,2025-11-11T04:00:00+10:00,0.0,NEM
NYNGAN,NYNGAN1,2025-11-11T05:00:00+10:00,0.1771,NEM
NYNGAN,NYNGAN1,2025-11-11T06:00:00+10:00,2.7919,NEM
NYNGAN,NYNGAN1,2025-11-11T07:00:00+10:00,0.0,NEM
NYNGAN,NYNGAN1,2025-11-11T08:00:00+10:00,21.6979,NEM
NYNGAN,NYNGAN1,2025-11-11T09:00:00+10:00,11.9271,NEM
NYNGAN,NYNGAN1,2025-11-11T10:00:00+10:00,5.25,NEM
NYNGAN,NYNGAN1,2025-11-11T11:00:00+10:00,3.0625,NEM
NYNGAN,NYNGAN1,2025-11-11T12:00:00+10:00,0.0,NEM
NYNGAN,NYNGAN1,2025-11-11T13:00:00+10:00,0.0,NEM
NYNGAN,NYNGAN1,2025-11-11T14:00:00+10:00,0.0,NEM
NYNGAN,NYNGAN1,2025-11-11T15:00:00+10:00,0.0,NEM
NYNGAN,NYNGAN1,2025-11-11T16:00:00+10:00,0.0,NEM
NYNGAN,NYNGAN1,2025-11-11T17:00:00+10:00,5.2083,NEM
NYNGAN,NYNGAN1,2025-11-11T18:00:00+10:00,3.198,NEM
NYNGAN,NYNGAN1,2025-11-11T19:00:00+10:00,3.0,NEM
NYNGAN,NYNGAN1,2025-11-11T20:00:00+10:00,2.5,NEM
NYNGAN,NYNGAN1,2025-11-11T21:00:00+10:00,0.0,NEM
NYNGAN,NYNGAN1,2025-11-11T22:00:00+10:00,0.0,NEM
NYNGAN,NYNGAN1,2025-11-11T23:00:00+10:00,0.0,NEM
NYNGAN,NYNGAN1,2025-11-12T00:00:00+10:00,0.0,NEM
NYNGAN,NYNGAN1,2025-11-12T01:00:00+10:00,0.0,NEM
NYNGAN,NYNGAN1,2025-11-12T02:00:00+10:00,0.0,NEM
NYNGAN,NYNGAN1,2025-11-12T03:00:00+10:00,0.0,NEM
NYNGAN,NYNGAN1,2025-11-12T04:00:00+10:00,0.0,NEM
NYNGAN,NYNGAN1,2025-11-12T05:00:00+10:00,0.2396,NEM
NYNGAN,NYNGAN1,2025-11-12T06:00:00+10:00,1.7501,NEM
NYNGAN,NYNGAN1,2025-11-12T07:00:00+10:00,0.0,NEM
NYNGAN,NYNGAN1,2025-11-12T08:00:00+10:00,20.2812,NEM
NYNGAN,NYNGAN1,2025-11-12T09:00:00+10:00,33.1248,NEM
NYNGAN,NYNGAN1,2025-11-12T10:00:00+10:00,33.1248,NEM
NYNGAN,NYNGAN1,2025-11-12T11:00:00+10:00,22.0832,NEM
NYNGAN,NYNGAN1,2025-11-12T12:00:00+10:00,0.0,NEM
NYNGAN,NYNGAN1,2025-11-12T13:00:00+10:00,0.0,NEM
NYNGAN,NYNGAN1,2025-11-12T14:00:00+10:00,0.0,NEM
NYNGAN,NYNGAN1,2025-11-12T15:00:00+10:00,0.0,NEM
NYNGAN,NYNGAN1,2025-11-12T16:00:00+10:00,0.0,NEM
NYNGAN,NYNGAN1,2025-11-12T17:00:00+10:00,4.3125,NEM
NYNGAN,NYNGAN1,2025-11-12T18:00:00+10:00,2.8229,NEM
NYNGAN,NYNGAN1,2025-11-12T19:00:00+10:00,2.3748,NEM
NYNGAN,NYNGAN1,2025-11-12T20:00:00+10:00,2.1769,NEM
NYNGAN,NYNGAN1,2025-11-12T21:00:00+10:00,0.0,NEM
NYNGAN,NYNGAN1,2025-11-12T22:00:00+10:00,0.0,NEM
NYNGAN,NYNGAN1,2025-11-12T23:00:00+10:00,0.0,NEM
NYNGAN,NYNGAN1,2025-11-13T00:00:00+10:00,0.0,NEM
NYNGAN,NYNGAN1,2025-11-13T01:00:00+10:00,0.0,NEM
NYNGAN,NYNGAN1,2025-11-13T02:00:00+10:00,0.0,NEM
NYNGAN,NYNGAN1,2025-11-13T03:00:00+10:00,0.0,NEM
NYNGAN,NYNGAN1,2025-11-13T04:00:00+10:00,0.0,NEM
NYNGAN,NYNGAN1,2025-11-13T05:00:00+10:00,0.25,NEM
NYNGAN,NYNGAN1,2025-11-13T06:00:00+10:00,3.5107,NEM
NYNGAN,NYNGAN1,2025-11-13T07:00:00+10:00,0.0833,NEM
NYNGAN,NYNGAN1,2025-11-13T08:00:00+10:00,2.3958,NEM
NYNGAN,NYNGAN1,2025-11-13T09:00:00+10:00,0.0,NEM
NYNGAN,NYNGAN1,2025-11-13T10:00:00+10:00,0.0,NEM
NYNGAN,NYNGAN1,2025-11-13T11:00:00+10:00,0.0,NEM
NYNGAN,NYNGAN1,2025-11-13T12:00:00+10:00,0.0,NEM
NYNGAN,NYNGAN1,2025-11-13T13:00:00+10:00,0.0,NEM
NYNGAN,NYNGAN1,2025-11-13T14:00:00+10:00,0.0,NEM
NYNGAN,NYNGAN1,2025-11-13T15:00:00+10:00,0.0,NEM
NYNGAN,NYNGAN1,2025-11-13T16:00:00+10:00,7.3438,NEM
NYNGAN,NYNGAN1,2025-11-13T17:00:00+10:00,5.4482,NEM
NYNGAN,NYNGAN1,2025-11-13T18:00:00+10:00,3.1249,NEM
NYNGAN,NYNGAN1,2025-11-13T19:00:00+10:00,2.25,NEM
NYNGAN,NYNGAN1,2025-11-13T20:00:00+10:00,2.0625,NEM
NYNGAN,NYNGAN1,2025-11-13T21:00:00+10:00,0.0,NEM
NYNGAN,NYNGAN1,2025-11-13T22:00:00+10:00,0.0,NEM
NYNGAN,NYNGAN1,2025-11-13T23:00:00+10:00,0.0,NEM
NYNGAN,NYNGAN1,2025-11-14T00:00:00+10:00,0.0,NEM
NYNGAN,NYNGAN1,2025-11-14T01:00:00+10:00,0.0,NEM
NYNGAN,NYNGAN1,2025-11-14T02:00:00+10:00,0.0,NEM
NYNGAN,NYNGAN1,2025-11-14T03:00:00+10:00,0.0,NEM
NYNGAN,NYNGAN1,2025-11-14T04:00:00+10:00,0.0,NEM
NYNGAN,NYNGAN1,2025-11-14T05:00:00+10:00,0.1459,NEM
NYNGAN,NYNGAN1,2025-11-14T06:00:00+10:00,8.8542,NEM
NYNGAN,NYNGAN1,2025-11-14T07:00:00+10:00,11.0418,NEM
NYNGAN,NYNGAN1,2025-11-14T08:00:00+10:00,7.5,NEM
NYNGAN,NYNGAN1,2025-11-14T09:00:00+10:00,13.9376,NEM
NYNGAN,NYNGAN1,2025-11-14T10:00:00+10:00,25.2501,NEM
NYNGAN,NYNGAN1,2025-11-14T11:00:00+10:00,25.2814,NEM
NYNGAN,NYNGAN1,2025-11-14T12:00:00+10:00,63.5835,NEM
NYNGAN,NYNGAN1,2025-11-14T13:00:00+10:00,46.5209,NEM
NYNGAN,NYNGAN1,2025-11-14T14:00:00+10:00,33.5104,NEM
NYNGAN,NYNGAN1,2025-11-14T15:00:00+10:00,21.6667,NEM
NYNGAN,NYNGAN1,2025-11-14T16:00:00+10:00,16.1565,NEM
NYNGAN,NYNGAN1,2025-11-14T17:00:00+10:00,13.8439,NEM
NYNGAN,NYNGAN1,2025-11-14T18:00:00+10:00,2.8228,NEM
NYNGAN,NYNGAN1,2025-11-14T19:00:00+10:00,2.3748,NEM
NYNGAN,NYNGAN1,2025-11-14T20:00:00+10:00,2.1769,NEM
NYNGAN,NYNGAN1,2025-11-14T21:00:00+10:00,0.0,NEM
NYNGAN,NYNGAN1,2025-11-14T22:00:00+10:00,0.0,NEM
NYNGAN,NYNGAN1,2025-11-14T23:00:00+10:00,0.0,NEM
NYNGAN,NYNGAN1,2025-11-15T00:00:00+10:00,0.0,NEM
NYNGAN,NYNGAN1,2025-11-15T01:00:00+10:00,0.0,NEM
NYNGAN,NYNGAN1,2025-11-15T02:00:00+10:00,0.0,NEM
NYNGAN,NYNGAN1,2025-11-15T03:00:00+10:00,0.0,NEM
NYNGAN,NYNGAN1,2025-11-15T04:00:00+10:00,0.0,NEM
NYNGAN,NYNGAN1,2025-11-15T05:00:00+10:00,0.2812,NEM
NYNGAN,NYNGAN1,2025-11-15T06:00:00+10:00,6.6772,NEM
NYNGAN,NYNGAN1,2025-11-15T07:00:00+10:00,16.3438,NEM
NYNGAN,NYNGAN1,2025-11-15T08:00:00+10:00,4.8853,NEM
NYNGAN,NYNGAN1,2025-11-15T09:00:00+10:00,4.0729,NEM
NYNGAN,NYNGAN1,2025-11-15T10:00:00+10:00,0.0,NEM
NYNGAN,NYNGAN1,2025-11-15T11:00:00+10:00,0.0,NEM
NYNGAN,NYNGAN1,2025-11-15T12:00:00+10:00,0.0,NEM
NYNGAN,NYNGAN1,2025-11-15T13:00:00+10:00,0.0,NEM
NYNGAN,NYNGAN1,2025-11-15T14:00:00+10:00,18.4479,NEM
NYNGAN,NYNGAN1,2025-11-15T15:00:00+10:00,34.7292,NEM
NYNGAN,NYNGAN1,2025-11-15T16:00:00+10:00,33.8959,NEM
